"","SITECODE","PERIOD","Site_P","COMMENTS","Start","End","RANGE","MID"
"1","107BHS81",1,"107BHS81-1","Natural",NA,NA,NA,NA
"2","11STS77",0,"11STS77-0","",NA,NA,NA,NA
"3","11STS77",1,"11STS77-1","Natural",NA,NA,NA,NA
"4","120BHS89",0,"120BHS89-0","",NA,NA,NA,NA
"5","120BHS89",1,"120BHS89-1","Natural",NA,NA,NA,NA
"6","120BHS89",2,"120BHS89-2","Pre-Roman activity to c. AD 50",NA,50,NA,NA
"7","124BHS77",0,"124BHS77-0","",NA,NA,NA,NA
"8","124BHS77",1,"124BHS77-1","Natural",NA,NA,NA,NA
"9","124BHS77",2,"124BHS77-2","Pre-Roman activity to c. AD 50",NA,50,NA,NA
"10","170BHS79",0,"170BHS79-0","",NA,NA,NA,NA
"11","175BHS76",0,"175BHS76-0","",NA,NA,NA,NA
"12","179BHS89",0,"179BHS89-0","",NA,NA,NA,NA
"13","213BHS77",0,"213BHS77-0","",NA,NA,NA,NA
"14","223BHS81",1,"223BHS81-1","Natural",NA,NA,NA,NA
"15","223BHS81",2,"223BHS81-2","Pre-Roman activity to c. AD 50",NA,50,NA,NA
"16","22BHS88",0,"22BHS88-0","",NA,NA,NA,NA
"17","22BHS88",1,"22BHS88-1","Natural",NA,NA,NA,NA
"18","239BHS87",1,"239BHS87-1","Natural",NA,NA,NA,NA
"19","2SSBS85",1,"2SSBS85-1","Natural",NA,NA,NA,NA
"20","38ALB89",0,"38ALB89-0","",NA,NA,NA,NA
"21","89BHS75",0,"89BHS75-0","",NA,NA,NA,NA
"22","AB78",2,"AB78-2","Pre-Roman activity to c. AD 50",NA,50,NA,NA
"23","ABB87",0,"ABB87-0","",NA,NA,NA,NA
"24","ABB87",1,"ABB87-1","Topography and prehistoric activity",NA,43,NA,NA
"25","ABK00",1,"ABK00-1","OA1: ALLUVIAL GRAVELS",NA,NA,NA,NA
"26","ABK00",2,"ABK00-2","OA2: CLEAN, UNWORKED EXTERNAL SUB SOILS",NA,NA,NA,NA
"27","ABK00",3,"ABK00-3","OA3: DUMPS WITH POT WASTE, WITH EARLIEST BUILDINGS ON SITE CONSTR UPON THE OPEN AREA",NA,NA,NA,NA
"28","ABK00",4,"ABK00-4","OA4: DISTURBED EXTERNAL SOILS AND THE BUILDINGS AND STRUCTURES CONSTR UPON THEM",NA,NA,NA,NA
"29","ABK00",5,"ABK00-5","BACKFILLING OF ALL FEATURES IN PERIOD 4, LATEST LEVELLING OF THE SITE",NA,NA,NA,NA
"30","ABK00",6,"ABK00-6","",NA,NA,NA,NA
"31","ABO92",0,"ABO92-0","",NA,NA,NA,NA
"32","ABO92",1,"ABO92-1","Topography and prehistoric activity",NA,43,NA,NA
"33","ACT89",1,"ACT89-1","NATURAL DEPOSITION",NA,NA,NA,NA
"34","AEB01",1,"AEB01-1","ALLUVIAL GRAVELS OA1",NA,NA,NA,NA
"35","AEB01",7,"AEB01-7","MODERN OR UNSTRAT FEATURES",NA,NA,NA,NA
"36","AG75",1,"AG75-1","NATURAL (DRIFT GEOLOGY)",NA,NA,NA,NA
"37","AG75",2,"AG75-2","",NA,NA,NA,NA
"38","AG75",3,"AG75-3","",NA,NA,NA,NA
"39","AG75",4,"AG75-4","",NA,NA,NA,NA
"40","ALA88",0,"ALA88-0","",NA,NA,NA,NA
"41","ALA88",2,"ALA88-2","",NA,NA,NA,NA
"42","ALA88",3,"ALA88-3","",NA,NA,NA,NA
"43","ALA88",4,"ALA88-4","",NA,NA,NA,NA
"44","ALA88",5,"ALA88-5","",NA,NA,NA,NA
"45","ALA88",6,"ALA88-6","",NA,NA,NA,NA
"46","ALB89",1,"ALB89-1","PERIOD X1, NATURAL GEOLOGICAL DEPOSITS",NA,NA,NA,NA
"47","ARC81",1,"ARC81-1","",NA,NA,NA,NA
"48","ARC81",7,"ARC81-7","",NA,NA,NA,NA
"49","AR-CXT97",1,"AR-CXT97-1","",NA,NA,NA,NA
"50","AR-CXT97",2,"AR-CXT97-2","",NA,NA,NA,NA
"51","AR-CXT97",3,"AR-CXT97-3","",NA,NA,NA,NA
"52","AR-CXT97",4,"AR-CXT97-4","",NA,NA,NA,NA
"53","AR-CXT97",5,"AR-CXT97-5","",NA,NA,NA,NA
"54","AR-CXT97",6,"AR-CXT97-6","",NA,NA,NA,NA
"55","AR-CXT97",7,"AR-CXT97-7","",NA,NA,NA,NA
"56","AR-CXT98",1,"AR-CXT98-1","",NA,NA,NA,NA
"57","AR-CXT98",2,"AR-CXT98-2","",NA,NA,NA,NA
"58","AR-CXT98",3,"AR-CXT98-3","",NA,NA,NA,NA
"59","AR-CXT98",4,"AR-CXT98-4","",NA,NA,NA,NA
"60","AR-CXT98",5,"AR-CXT98-5","",NA,NA,NA,NA
"61","AR-CXT98",7,"AR-CXT98-7","",NA,NA,NA,NA
"62","AR-WNB98",0,"AR-WNB98-0","",NA,NA,NA,NA
"63","ASS90",1,"ASS90-1","PERIOD X1, NATURAL GEOLOGICAL DEPOSITS",NA,NA,NA,NA
"64","ASY75",0,"ASY75-0","",NA,NA,NA,NA
"65","ASY75",1,"ASY75-1","",NA,NA,NA,NA
"66","ASY75",6,"ASY75-6","",NA,NA,NA,NA
"67","ATC97",1,"ATC97-1","Prehistoric evidence",NA,43,NA,NA
"68","AUT01",1,"AUT01-1","PRE-BRONZE AGE PALAEO-ENVIRONMENT",NA,-2500,NA,NA
"69","AW89",0,"AW89-0","",NA,NA,NA,NA
"70","AW89",1,"AW89-1","Natural",NA,NA,NA,NA
"71","AYF08",1,"AYF08-1","PRE-MEDIEVAL TOPOGRAPHY AND ACTIVITY",NA,1066,NA,NA
"72","AYF08",2,"AYF08-2","MEDIEVAL: PRE-ABBEY LANDSCAPE OR EARLIEST MONASTIC DRAINAGE",NA,NA,NA,NA
"73","AYF08",3,"AYF08-3","MEDIEVAL: EARLY DEVELOPMENT AND USE OF THE EAST SIDE OF THE ABBEY PRECINCT",NA,NA,NA,NA
"74","AYF08",4,"AYF08-4","MEDIEVAL: LATER DEVELOPMENT AND USE OF THE EAST SIDE OF THE ABBEY PRECINCT",NA,NA,NA,NA
"75","BA84",1,"BA84-1","Natural",NA,NA,NA,NA
"76","BA84",2,"BA84-2","Pre-Roman activity to c. AD 50",NA,50,NA,NA
"77","BAN95",0,"BAN95-0","",NA,NA,NA,NA
"78","BAN95",1,"BAN95-1","NATURAL DEPOSITS, PEAT IS BRONZE AGE",NA,NA,NA,NA
"79","BAQ90",1,"BAQ90-1","Natural",NA,NA,NA,NA
"80","BAQ90",2,"BAQ90-2","Pre-Roman activity to c. AD 50",NA,50,NA,NA
"81","BAX95",1,"BAX95-1","Natural deposits",NA,NA,NA,NA
"82","BAZ05",1,"BAZ05-1","NATURAL BRICKEARTH OVERLYING RIVER TERRACE SANDS & GRAVELS",NA,NA,NA,NA
"83","BBB05",1,"BBB05-1","NATURAL GEOLOGY AND TOPOGRAPHY",NA,NA,NA,NA
"84","BBK07",1,"BBK07-1","",NA,NA,NA,NA
"85","BBK07",2,"BBK07-2","",NA,NA,NA,NA
"86","BBK07",3,"BBK07-3","",NA,NA,NA,NA
"87","BBK07",4,"BBK07-4","",NA,NA,NA,NA
"88","BBK07",5,"BBK07-5","",NA,NA,NA,NA
"89","BBK07",6,"BBK07-6","",NA,NA,NA,NA
"90","BBK07",7,"BBK07-7","",NA,NA,NA,NA
"91","BBK07",8,"BBK07-8","",NA,NA,NA,NA
"92","BDC03",1,"BDC03-1","",NA,NA,NA,NA
"93","BDC03",2,"BDC03-2","",NA,NA,NA,NA
"94","BDC03",3,"BDC03-3","",NA,NA,NA,NA
"95","BDC03",4,"BDC03-4","",NA,NA,NA,NA
"96","BDC03",6,"BDC03-6","",NA,NA,NA,NA
"97","BDE00",1,"BDE00-1","NATURAL GEOLOGY AND TOPOGRAPHY",NA,NA,NA,NA
"98","BFN88",0,"BFN88-0","",NA,NA,NA,NA
"99","BFN88",1,"BFN88-1","Topography and prehistoric activity",NA,43,NA,NA
"100","BGB98",1,"BGB98-1","NATURAL",NA,NA,NA,NA
"101","BGE98",0,"BGE98-0","",NA,NA,NA,NA
"102","BGG01",0,"BGG01-0","",NA,NA,NA,NA
"103","BGG01",1,"BGG01-1","",NA,NA,NA,NA
"104","BGG01",2,"BGG01-2","",NA,NA,NA,NA
"105","BGG01",3,"BGG01-3","",NA,NA,NA,NA
"106","BGG01",4,"BGG01-4","",NA,NA,NA,NA
"107","BGG01",5,"BGG01-5","",NA,NA,NA,NA
"108","BGG01",6,"BGG01-6","",NA,NA,NA,NA
"109","BGG01",7,"BGG01-7","",NA,NA,NA,NA
"110","BGH95",0,"BGH95-0","",NA,NA,NA,NA
"111","BGS97",12,"BGS97-12","",NA,NA,NA,NA
"112","BGX05",0,"BGX05-0","",NA,NA,NA,NA
"113","BGX05",1,"BGX05-1","Geology and natural topography",NA,NA,NA,NA
"114","BGX05",16,"BGX05-16","",NA,NA,NA,NA
"115","BII00",1,"BII00-1","GRAVELS AT 9.91M OD B/E AT 11.78M OD",NA,NA,NA,NA
"116","BIM90",1,"BIM90-1","",NA,NA,NA,NA
"117","BKO00",5,"BKO00-5","MODERN",NA,NA,NA,NA
"118","BKS88",1,"BKS88-1","NATURAL",NA,NA,NA,NA
"119","BNL12",0,"BNL12-0","UNDATED",NA,NA,NA,NA
"120","BNL12",1,"BNL12-1","PRE-IRON AGE",NA,-800,NA,NA
"121","BOB91",0,"BOB91-0","",NA,NA,NA,NA
"122","BOB91",2,"BOB91-2","MC5-MC7. MOSTLY CLEARANCE FEATURES, ?MAY INCLUDE SOME NAT OR PRE",NA,700,NA,NA
"123","BOG89",0,"BOG89-0","",NA,NA,NA,NA
"124","BOJ10",1,"BOJ10-1","",NA,NA,NA,NA
"125","BOJ10",10,"BOJ10-10","",NA,NA,NA,NA
"126","BOJ10",11,"BOJ10-11","",NA,NA,NA,NA
"127","BOJ10",12,"BOJ10-12","",NA,NA,NA,NA
"128","BOJ10",13,"BOJ10-13","",NA,NA,NA,NA
"129","BOJ10",14,"BOJ10-14","",NA,NA,NA,NA
"130","BOJ10",2,"BOJ10-2","",NA,NA,NA,NA
"131","BOJ10",3,"BOJ10-3","",NA,NA,NA,NA
"132","BOJ10",4,"BOJ10-4","",NA,NA,NA,NA
"133","BOJ10",5,"BOJ10-5","",NA,NA,NA,NA
"134","BOJ10",6,"BOJ10-6","",NA,NA,NA,NA
"135","BOJ10",7,"BOJ10-7","",NA,NA,NA,NA
"136","BOJ10",8,"BOJ10-8","",NA,NA,NA,NA
"137","BOJ10",9,"BOJ10-9","",NA,NA,NA,NA
"138","BOL94",1,"BOL94-1","Natural, prehistoric",NA,43,NA,NA
"139","BOL94",100,"BOL94-100","NATURAL TOPOGRAPHY = PERIOD 1 IN MOLA MONOGRAPHS 37-38",NA,NA,NA,NA
"140","BOL94",18,"BOL94-18","",NA,NA,NA,NA
"141","BOL94",41,"BOL94-41","",NA,NA,NA,NA
"142","BOP82",0,"BOP82-0","",NA,NA,NA,NA
"143","BOS87",0,"BOS87-0","",NA,NA,NA,NA
"144","BOS87",0,"BOS87-0","",NA,NA,NA,NA
"145","BPB05",1,"BPB05-1","NATURAL LONDON CLAY",NA,NA,NA,NA
"146","BPB05",2,"BPB05-2","NATURAL GRAVEL",NA,NA,NA,NA
"147","BPB05",3,"BPB05-3","NATURAL BRICKEARTH",NA,NA,NA,NA
"148","BPL95",1,"BPL95-1","NATURAL GRAVEL",NA,NA,NA,NA
"149","BRA88",0,"BRA88-0","",NA,NA,NA,NA
"150","BRA88",1,"BRA88-1","Topography and prehistoric activity",NA,43,NA,NA
"151","BRD88",0,"BRD88-0","",NA,NA,NA,NA
"152","BRD88",1,"BRD88-1","NATURAL SAND AND GRAVEL",NA,NA,NA,NA
"153","BRD88",100,"BRD88-100","NATURAL TOPOGRAPHY = PERIOD 1 IN MOLA MONOGRAPHS 37-38",NA,NA,NA,NA
"154","BRV98",0,"BRV98-0","",NA,NA,NA,NA
"155","BRV98",1,"BRV98-1","NATURAL GEOLOGY: BRICKEARTH OVER GRAVEL",NA,NA,NA,NA
"156","BTH88",0,"BTH88-0","",NA,NA,NA,NA
"157","BTH88",1,"BTH88-1","Topography and prehistoric activity",NA,43,NA,NA
"158","BTJ93",0,"BTJ93-0","",NA,NA,NA,NA
"159","BUC87",0,"BUC87-0","VOID - NO PERIOD",NA,NA,NA,NA
"160","BUC87",1,"BUC87-1","Natural, prehistoric",NA,43,NA,NA
"161","BUC87",100,"BUC87-100","NATURAL TOPOGRAPHY = PERIOD 1 IN MOLA MONOGRAPHS 37-38",NA,NA,NA,NA
"162","BUC87",13,"BUC87-13","MODERN - INCLUDED WITH PERIOD 12 IN MOLA MONOGRAPHS 37-38",NA,NA,NA,NA
"163","BUC87",30,"BUC87-30","",NA,NA,NA,NA
"164","BUC87",300,"BUC87-300","METAL DETECTED FINDS  = PERIOD 3 IN MOLA MONOGRAPHS 37-38",NA,NA,NA,NA
"165","BUG94",0,"BUG94-0","",NA,NA,NA,NA
"166","BUG94",8,"BUG94-8","",NA,NA,NA,NA
"167","BU-MOK02",1,"BU-MOK02-1","NATURAL TOPOGRAPHY AND GEOLOGY-INCLUDES VEGETATION AND EROSION FEATURES",NA,NA,NA,NA
"168","CAO96",0,"CAO96-0","NATURAL GEOLOGY & TOPOGRAPHY",NA,NA,NA,NA
"169","CAO96",6,"CAO96-6","""DARK EARTH""",NA,NA,NA,NA
"170","CCP04",1,"CCP04-1","PRE-ROMAN. NATURAL GEOLOGY AND TOPOGRAPHY",NA,43,NA,NA
"171","CDP04",1,"CDP04-1","NATURAL GEOLOGY AND NATURAL FEATURES",NA,NA,NA,NA
"172","CDV99",1,"CDV99-1","NATURAL",NA,NA,NA,NA
"173","CDV99",3,"CDV99-3","MEDIEVAL QUARRIES, HOLY TRINITY PRIORY GARDEN",1066,NA,NA,NA
"174","CFL94",0,"CFL94-0","",NA,NA,NA,NA
"175","CFL94",10,"CFL94-10","",NA,NA,NA,NA
"176","CFL94",11,"CFL94-11","",NA,NA,NA,NA
"177","CFL94",15,"CFL94-15","",NA,NA,NA,NA
"178","CFL94",16,"CFL94-16","",NA,NA,NA,NA
"179","CFL94",17,"CFL94-17","",NA,NA,NA,NA
"180","CFL94",2,"CFL94-2","",NA,NA,NA,NA
"181","CFL94",3,"CFL94-3","",NA,NA,NA,NA
"182","CFL94",4,"CFL94-4","",NA,NA,NA,NA
"183","CFL94",5,"CFL94-5","",NA,NA,NA,NA
"184","CFL94",6,"CFL94-6","",NA,NA,NA,NA
"185","CFL94",7,"CFL94-7","",NA,NA,NA,NA
"186","CFL94",9,"CFL94-9","",NA,NA,NA,NA
"187","CG87",0,"CG87-0","",NA,NA,NA,NA
"188","CGW05",1,"CGW05-1","PRE-MEDIEVAL LANDSCAPE",NA,1066,NA,NA
"189","CH75",1,"CH75-1","Natural",NA,NA,NA,NA
"190","CH75",2,"CH75-2","Pre-Roman activity to c. AD 50",NA,50,NA,NA
"191","CHJ06",1,"CHJ06-1","",NA,NA,NA,NA
"192","CHJ06",2,"CHJ06-2","",NA,NA,NA,NA
"193","CHJ06",3,"CHJ06-3","",NA,NA,NA,NA
"194","CHJ06",4,"CHJ06-4","",NA,NA,NA,NA
"195","CHJ06",5,"CHJ06-5","",NA,NA,NA,NA
"196","CHWH83",0,"CHWH83-0","",NA,NA,NA,NA
"197","CHWH83",1,"CHWH83-1","Natural",NA,NA,NA,NA
"198","CIC05",1,"CIC05-1","EVERYTHING UP TO 1200",NA,1200,NA,NA
"199","CID90",0,"CID90-0","VOID - NO PERIOD",NA,NA,NA,NA
"200","CID90",100,"CID90-100","NATURAL TOPOGRAPHY = PERIOD 1 IN MOLA MONOGRAPHS 37-38",NA,NA,NA,NA
"201","CII02",1,"CII02-1","EVERYTHING UP TO 1200",NA,1200,NA,NA
"202","CIY98",1,"CIY98-1","UP TO 1200",NA,1200,NA,NA
"203","CLH89",0,"CLH89-0","",NA,NA,NA,NA
"204","CLH89",17,"CLH89-17","",NA,NA,NA,NA
"205","CLH89",7,"CLH89-7","",NA,NA,NA,NA
"206","CLK86",0,"CLK86-0","",NA,NA,NA,NA
"207","CLK86",1,"CLK86-1","",NA,NA,NA,NA
"208","CLK86",2,"CLK86-2","",NA,NA,NA,NA
"209","CLK86",3,"CLK86-3","",NA,NA,NA,NA
"210","CLK86",4,"CLK86-4","",NA,NA,NA,NA
"211","CLK86",5,"CLK86-5","",NA,NA,NA,NA
"212","CLK86",6,"CLK86-6","",NA,NA,NA,NA
"213","CLK86",7,"CLK86-7","",NA,NA,NA,NA
"214","CLK86",8,"CLK86-8","",NA,NA,NA,NA
"215","CM-MFB587",0,"CM-MFB587-0","",NA,NA,NA,NA
"216","CM-MFB587",3,"CM-MFB587-3","",NA,NA,NA,NA
"217","CM-MFB587",3.5,"CM-MFB587-3.5","",NA,NA,NA,NA
"218","CM-MFB587",4,"CM-MFB587-4","",NA,NA,NA,NA
"219","CM-MFB587",5,"CM-MFB587-5","",NA,NA,NA,NA
"220","CM-MFB587",6,"CM-MFB587-6","",NA,NA,NA,NA
"221","CM-MFB587",7,"CM-MFB587-7","",NA,NA,NA,NA
"222","CM-MFB587",8,"CM-MFB587-8","",NA,NA,NA,NA
"223","CNQ01",0,"CNQ01-0","",NA,NA,NA,NA
"224","CNQ01",1,"CNQ01-1","",NA,NA,NA,NA
"225","CNQ01",2,"CNQ01-2","",NA,NA,NA,NA
"226","CNQ01",3,"CNQ01-3","",NA,NA,NA,NA
"227","CNQ01",4,"CNQ01-4","",NA,NA,NA,NA
"228","CNQ01",5,"CNQ01-5","",NA,NA,NA,NA
"229","CNV08",1,"CNV08-1","PRE-ROMAN. NATURAL GEOLOGY AND TOPOGRAPHY",NA,43,NA,NA
"230","CNW97",0,"CNW97-0","",NA,NA,NA,NA
"231","COA86",4,"COA86-4","",NA,NA,NA,NA
"232","COA86",5,"COA86-5","",NA,NA,NA,NA
"233","COW90",3,"COW90-3","",NA,NA,NA,NA
"234","COW90",7,"COW90-7","",NA,NA,NA,NA
"235","COW90",8,"COW90-8","",NA,NA,NA,NA
"236","COW90",9,"COW90-9","",NA,NA,NA,NA
"237","CRODA86",0,"CRODA86-0","",NA,NA,NA,NA
"238","CRODA86",1,"CRODA86-1","Natural",NA,NA,NA,NA
"239","CRODA86",2,"CRODA86-2","Pre-Roman activity to c. AD 50",NA,50,NA,NA
"240","CRODA87",0,"CRODA87-0","",NA,NA,NA,NA
"241","CRODA87",1,"CRODA87-1","",NA,NA,NA,NA
"242","CSSS75",0,"CSSS75-0","",NA,NA,NA,NA
"243","CSU96",0,"CSU96-0","NATURAL",NA,NA,NA,NA
"244","CSU96",1,"CSU96-1","PRE AD1230",NA,1230,NA,NA
"245","CVC03",0,"CVC03-0","",NA,NA,NA,NA
"246","CVC03",1,"CVC03-1","",NA,NA,NA,NA
"247","CVC03",2,"CVC03-2","",NA,NA,NA,NA
"248","CVC03",3,"CVC03-3","",NA,NA,NA,NA
"249","CVF10",1,"CVF10-1","PRE-DOCKYARD, INCLUDING PREHISTORIC, ROMAN, MEDIEVAL AND POST-MEDIEVAL UP TO 1513.",NA,1513,NA,NA
"250","CW83",1,"CW83-1","Natural",NA,NA,NA,NA
"251","CWW97",0,"CWW97-0","",NA,NA,NA,NA
"252","CXH04",0,"CXH04-0","ODDS AND SODS NOT DATED OR IN SEQUENCE",NA,NA,NA,NA
"253","CXH04",1,"CXH04-1","NATURAL",NA,NA,NA,NA
"254","CYQ05",0,"CYQ05-0","",NA,NA,NA,NA
"255","CYQ05",1,"CYQ05-1","",NA,NA,NA,NA
"256","CYQ05",2,"CYQ05-2","",NA,NA,NA,NA
"257","CYQ05",3,"CYQ05-3","",NA,NA,NA,NA
"258","CYQ05",4,"CYQ05-4","",NA,NA,NA,NA
"259","CYQ05",5,"CYQ05-5","",NA,NA,NA,NA
"260","CYQ05",6,"CYQ05-6","",NA,NA,NA,NA
"261","DOC87",0,"DOC87-0","",NA,NA,NA,NA
"262","DOC87",1,"DOC87-1","NATURAL SAND AND GRAVEL",NA,NA,NA,NA
"263","DOC87",100,"DOC87-100","NATURAL TOPOGRAPHY = PERIOD 1 IN MOLA MONOGRAPHS 37-38",NA,NA,NA,NA
"264","DUM09",1,"DUM09-1","NATURAL/PLEISTOCENE",NA,NA,NA,NA
"265","DWA92",0,"DWA92-0","NATURAL DEPOSITS",NA,NA,NA,NA
"266","EAE01",1,"EAE01-1","NATURAL",NA,NA,NA,NA
"267","EAE01",2,"EAE01-2","UNKNOWN",NA,NA,NA,NA
"268","EAE01",301,"EAE01-301","",NA,NA,NA,NA
"269","EAE01",302,"EAE01-302","",NA,NA,NA,NA
"270","ELD88",1,"ELD88-1","",NA,NA,NA,NA
"271","ELD88",2,"ELD88-2","",NA,NA,NA,NA
"272","ELD88",3,"ELD88-3","",NA,NA,NA,NA
"273","ELD88",4,"ELD88-4","",NA,NA,NA,NA
"274","ELD88",5,"ELD88-5","",NA,NA,NA,NA
"275","ELD88",6,"ELD88-6","",NA,NA,NA,NA
"276","ENG84",0,"ENG84-0","",NA,NA,NA,NA
"277","ENG84",1,"ENG84-1","",NA,NA,NA,NA
"278","ENG84",2,"ENG84-2","",NA,NA,NA,NA
"279","ENG84",4,"ENG84-4","",NA,NA,NA,NA
"280","ENG84",5,"ENG84-5","",NA,NA,NA,NA
"281","ENG84",6,"ENG84-6","",NA,NA,NA,NA
"282","ENG84",7,"ENG84-7","",NA,NA,NA,NA
"283","ENG84",8,"ENG84-8","",NA,NA,NA,NA
"284","ENS03",1,"ENS03-1","",NA,NA,NA,NA
"285","ENS03",2,"ENS03-2","",NA,NA,NA,NA
"286","ENS03",3,"ENS03-3","",NA,NA,NA,NA
"287","ENS03",4,"ENS03-4","",NA,NA,NA,NA
"288","ENS03",5,"ENS03-5","",NA,NA,NA,NA
"289","ENS03",6,"ENS03-6","",NA,NA,NA,NA
"290","ESC97",0,"ESC97-0","NATURAL",NA,NA,NA,NA
"291","EX-PRO03",1,"EX-PRO03-1","NATURAL DEPOSITS: RECORDED IN PLAN & SECTION. INCLUDES LOCALISED SPREAD OF BRICKEARTH IN TR2",NA,NA,NA,NA
"292","EX-PRO03",5,"EX-PRO03-5","POSTULATED (UNDATED) MEDIEVAL DEPOSITS & TERTIARY COLLUVIAL SPREADS",NA,NA,NA,NA
"293","FCC95",0,"FCC95-0","",NA,NA,NA,NA
"294","FCC95",1,"FCC95-1","DRIFT GEOLOGY",NA,NA,NA,NA
"295","FEH95",0,"FEH95-0","",NA,NA,NA,NA
"296","FEH95",1,"FEH95-1","Natural/prehistory",NA,43,NA,NA
"297","FER97",0,"FER97-0","",NA,NA,NA,NA
"298","FER97",1,"FER97-1","",NA,NA,NA,NA
"299","FER97",301,"FER97-301","",NA,NA,NA,NA
"300","FER97",302,"FER97-302","",NA,NA,NA,NA
"301","FER97",303,"FER97-303","",NA,NA,NA,NA
"302","FER97",304,"FER97-304","",NA,NA,NA,NA
"303","FEU08",1,"FEU08-1","NATURAL DEPOSITS",NA,NA,NA,NA
"304","FFL01",1,"FFL01-1","DRIFT GEOLOGY",NA,NA,NA,NA
"305","FIB88",1,"FIB88-1","",NA,NA,NA,NA
"306","FIB88",2,"FIB88-2","",NA,NA,NA,NA
"307","FIB88",3,"FIB88-3","",NA,NA,NA,NA
"308","FIB88",4,"FIB88-4","",NA,NA,NA,NA
"309","FIS96",0,"FIS96-0","NATURAL",NA,NA,NA,NA
"310","FIS96",1,"FIS96-1","PRE AD1230",NA,1230,NA,NA
"311","FLL01",1,"FLL01-1","",NA,NA,NA,NA
"312","FLL01",2,"FLL01-2","",NA,NA,NA,NA
"313","FLL01",3,"FLL01-3","",NA,NA,NA,NA
"314","FNB02",1,"FNB02-1","",NA,NA,NA,NA
"315","FOT01",0,"FOT01-0","NATURAL",NA,NA,NA,NA
"316","FOT01",1,"FOT01-1","ROMAN BUILDINGS, HADRIANIC FIRE, POST FIRE BUILDINGS, DARK EARTH + PITTING",43,NA,NA,NA
"317","FRG94",1,"FRG94-1","",NA,NA,NA,NA
"318","FRG94",2,"FRG94-2","",NA,NA,NA,NA
"319","FRG94",3,"FRG94-3","",NA,NA,NA,NA
"320","FRG94",4,"FRG94-4","",NA,NA,NA,NA
"321","FRZ06",1,"FRZ06-1","",NA,NA,NA,NA
"322","FRZ06",2,"FRZ06-2","",NA,NA,NA,NA
"323","FRZ06",3,"FRZ06-3","",NA,NA,NA,NA
"324","FRZ06",4,"FRZ06-4","",NA,NA,NA,NA
"325","FSQ98",1,"FSQ98-1","NATURAL BRICKEARTH AT 11.73 - NO GRAVEL OBSERVED",NA,NA,NA,NA
"326","FSU99",1,"FSU99-1","NATURAL GRAVELS (UP TO 11.54M OD), BELOW NATURAL BRICKEARTH (UP TO 12.29M OD).",NA,NA,NA,NA
"327","FSU99",2,"FSU99-2","PRE AD1477? INDETERMINATE - ROBBER? CUT - PRE-QUARRYING.",NA,1477,NA,NA
"328","FUA02",0,"FUA02-0","",NA,NA,NA,NA
"329","FUA02",1,"FUA02-1","NATURAL GEOLOGY",NA,NA,NA,NA
"330","GAF04",1,"GAF04-1","NATURAL DEPOSITS PLUS REDEPOSITED AND POSSIBLE WATER CHANNEL OA1",NA,NA,NA,NA
"331","GAF04",2,"GAF04-2","PRE 17TH C ACTIVITY OA2-3",NA,1600,NA,NA
"332","GAG87",1,"GAG87-1","Natural topography and stream tributaries (pre-Roman)",NA,43,NA,NA
"333","GAH95",0,"GAH95-0","Natural",NA,NA,NA,NA
"334","GAH95",1,"GAH95-1","Upto AD 43",NA,43,NA,NA
"335","GAM88",1,"GAM88-1","",NA,NA,NA,NA
"336","GAM88",10,"GAM88-10","",NA,NA,NA,NA
"337","GAM88",2,"GAM88-2","",NA,NA,NA,NA
"338","GAM88",5,"GAM88-5","",NA,NA,NA,NA
"339","GAM88",6,"GAM88-6","",NA,NA,NA,NA
"340","GAM88",7,"GAM88-7","",NA,NA,NA,NA
"341","GAM88",8,"GAM88-8","",NA,NA,NA,NA
"342","GAS88",0,"GAS88-0","",NA,NA,NA,NA
"343","GAS88",1,"GAS88-1","Topography and prehistoric activity",NA,43,NA,NA
"344","GBP93",0,"GBP93-0","",NA,NA,NA,NA
"345","GDA06",0,"GDA06-0","",NA,NA,NA,NA
"346","GDA06",1,"GDA06-1","THE PERIOD UP TO 1270
NO FEATURES",NA,1270,NA,NA
"347","GDV96",1,"GDV96-1","NATURAL GEOLOGY",NA,NA,NA,NA
"348","GHB06",1,"GHB06-1","",NA,NA,NA,NA
"349","GHB06",2,"GHB06-2","",NA,NA,NA,NA
"350","GHB06",4,"GHB06-4","",NA,NA,NA,NA
"351","GHB06",6,"GHB06-6","",NA,NA,NA,NA
"352","GHD90",0,"GHD90-0","",NA,NA,NA,NA
"353","GHL89",1,"GHL89-1","Natural",NA,NA,NA,NA
"354","GHM05",1,"GHM05-1","NATURAL GEOLOGY AND NATURAL FEATURES",NA,NA,NA,NA
"355","GHM05",11,"GHM05-11","",NA,NA,NA,NA
"356","GHR82",0,"GHR82-0","",NA,NA,NA,NA
"357","GHR82",1,"GHR82-1","Natural",NA,NA,NA,NA
"358","GHT00",0,"GHT00-0","",NA,NA,NA,NA
"359","GHT00",1,"GHT00-1","NATURAL GEOLOGY BE/GRAVEL",NA,NA,NA,NA
"360","GIM07",0,"GIM07-0","",NA,NA,NA,NA
"361","GLB96",1,"GLB96-1","PRE C. 1580, ALLUVIUM AND MED/POST MED LAND RECLAMATION",NA,1580,NA,NA
"362","GL-FAI00",0,"GL-FAI00-0","NATURAL OR UNDATED FEATURES",NA,NA,NA,NA
"363","GLS06",0,"GLS06-0","",NA,NA,NA,NA
"364","GLS06",1,"GLS06-1","CHANGES IN NATURAL CONDITIONS ON THE SITE AS IT BEGAN TO SILT UP FROM THE ROMAN PERIOD",43,NA,NA,NA
"365","GLY01",1,"GLY01-1","THE PRE ROMAN PERIOD 
NATURAL DEPOSITS ONLY",NA,43,NA,NA
"366","GLY01",4,"GLY01-4","MONASTIC 
1370-1538",NA,1538,NA,NA
"367","GM160",10,"GM160-10","",NA,NA,NA,NA
"368","GM160",11,"GM160-11","",NA,NA,NA,NA
"369","GM160",2,"GM160-2","",NA,NA,NA,NA
"370","GM160",3,"GM160-3","",NA,NA,NA,NA
"371","GM160",4,"GM160-4","",NA,NA,NA,NA
"372","GM160",5,"GM160-5","",NA,NA,NA,NA
"373","GM160",7,"GM160-7","",NA,NA,NA,NA
"374","GM160",8,"GM160-8","",NA,NA,NA,NA
"375","GM160",9,"GM160-9","",NA,NA,NA,NA
"376","GMT02",1,"GMT02-1","",NA,NA,NA,NA
"377","GMT02",2,"GMT02-2","",NA,NA,NA,NA
"378","GMT02",3,"GMT02-3","",NA,NA,NA,NA
"379","GMT02",4,"GMT02-4","",NA,NA,NA,NA
"380","GMT02",5,"GMT02-5","",NA,NA,NA,NA
"381","GMT02",8,"GMT02-8","",NA,NA,NA,NA
"382","GOJ06",1,"GOJ06-1","",NA,NA,NA,NA
"383","GOJ06",2,"GOJ06-2","",NA,NA,NA,NA
"384","GOJ06",3,"GOJ06-3","",NA,NA,NA,NA
"385","GOJ06",4,"GOJ06-4","",NA,NA,NA,NA
"386","GOJ06",5,"GOJ06-5","",NA,NA,NA,NA
"387","GOJ06",7,"GOJ06-7","",NA,NA,NA,NA
"388","GOJ06",8,"GOJ06-8","",NA,NA,NA,NA
"389","GOJ06",9,"GOJ06-9","",NA,NA,NA,NA
"390","GRW91",2,"GRW91-2","Pre-Roman activity to c. AD 50",NA,50,NA,NA
"391","GSJ06",1,"GSJ06-1","",NA,NA,NA,NA
"392","GSJ06",10,"GSJ06-10","",NA,NA,NA,NA
"393","GSJ06",2,"GSJ06-2","",NA,NA,NA,NA
"394","GSJ06",3,"GSJ06-3","",NA,NA,NA,NA
"395","GSJ06",4,"GSJ06-4","",NA,NA,NA,NA
"396","GSJ06",5,"GSJ06-5","",NA,NA,NA,NA
"397","GSJ06",6,"GSJ06-6","",NA,NA,NA,NA
"398","GSJ06",8,"GSJ06-8","",NA,NA,NA,NA
"399","GSJ06",9,"GSJ06-9","",NA,NA,NA,NA
"400","GSM97",1,"GSM97-1","",NA,NA,NA,NA
"401","GSM97",10,"GSM97-10","",NA,NA,NA,NA
"402","GSM97",2,"GSM97-2","",NA,NA,NA,NA
"403","GSM97",3,"GSM97-3","",NA,NA,NA,NA
"404","GSM97",4,"GSM97-4","",NA,NA,NA,NA
"405","GSM97",5,"GSM97-5","",NA,NA,NA,NA
"406","GSM97",6,"GSM97-6","",NA,NA,NA,NA
"407","GSM97",9,"GSM97-9","",NA,NA,NA,NA
"408","GSY07",1,"GSY07-1","NATURAL, ARCHAEOLOGICALLY STERILE, SUBSTRATE",NA,NA,NA,NA
"409","GUD99",1,"GUD99-1","Natural topography and stream tributaries (pre-Roman)",NA,43,NA,NA
"410","GWO05",1,"GWO05-1","",NA,NA,NA,NA
"411","GWO05",2,"GWO05-2","",NA,NA,NA,NA
"412","GWO05",3,"GWO05-3","",NA,NA,NA,NA
"413","GWO05",4,"GWO05-4","",NA,NA,NA,NA
"414","GWO05",5,"GWO05-5","",NA,NA,NA,NA
"415","GWO05",6,"GWO05-6","",NA,NA,NA,NA
"416","GWO05",7,"GWO05-7","",NA,NA,NA,NA
"417","GYE92",0,"GYE92-0","",NA,NA,NA,NA
"418","GYE92",1,"GYE92-1","NATURAL GRAVELS",NA,NA,NA,NA
"419","HAM90",1,"HAM90-1","NATURAL",NA,NA,NA,NA
"420","HAM90",2,"HAM90-2","",NA,NA,NA,NA
"421","HAM90",3,"HAM90-3","",NA,NA,NA,NA
"422","HAM90",4,"HAM90-4","",NA,NA,NA,NA
"423","HAM90",5,"HAM90-5","",NA,NA,NA,NA
"424","HA-RPY07",0,"HA-RPY07-0","VOID AND UNDATED GROUPS - NO LANDUSE INTERP",NA,NA,NA,NA
"425","HE-HAD00",1,"HE-HAD00-1","NATUAL DEPOSITION",NA,NA,NA,NA
"426","HE-HBP99",8,"HE-HBP99-8","UNDATED OR UNPHASED",NA,NA,NA,NA
"427","HEN78",0,"HEN78-0","",NA,NA,NA,NA
"428","HEN78",1,"HEN78-1","Natural",NA,NA,NA,NA
"429","HE-RES01",1,"HE-RES01-1","NATURAL DEPOSITION OBSERVED THROUOUT RESIDENTIAL AREAS (ALSO HANDAXE AND THAMES PICK)",NA,NA,NA,NA
"430","HHX10",1,"HHX10-1","NATURAL",NA,NA,NA,NA
"431","HIB73",1,"HIB73-1","Natural",NA,NA,NA,NA
"432","HIB79",1,"HIB79-1","Natural",NA,NA,NA,NA
"433","HL80",0,"HL80-0","",NA,NA,NA,NA
"434","HL80",12,"HL80-12","",NA,NA,NA,NA
"435","HL80",15,"HL80-15","",NA,NA,NA,NA
"436","HL80",16,"HL80-16","",NA,NA,NA,NA
"437","HL80",17,"HL80-17","",NA,NA,NA,NA
"438","HL80",4,"HL80-4","",NA,NA,NA,NA
"439","HL80",5,"HL80-5","",NA,NA,NA,NA
"440","HL80",8,"HL80-8","",NA,NA,NA,NA
"441","HLL89",0,"HLL89-0","",NA,NA,NA,NA
"442","HLL89",1,"HLL89-1","NATURAL",NA,NA,NA,NA
"443","HLL89",2,"HLL89-2","PREHSITORIC ACTIVITY",NA,43,NA,NA
"444","HLL89",8,"HLL89-8","",NA,NA,NA,NA
"445","HLS08",1,"HLS08-1","",NA,NA,NA,NA
"446","HLS08",2,"HLS08-2","",NA,NA,NA,NA
"447","HLS08",3,"HLS08-3","",NA,NA,NA,NA
"448","HLS08",5,"HLS08-5","",NA,NA,NA,NA
"449","HLS08",6,"HLS08-6","",NA,NA,NA,NA
"450","HLW06",1,"HLW06-1","Geology and natural topography",NA,NA,NA,NA
"451","HLW06",2,"HLW06-2","Prehistoric landscape",NA,43,NA,NA
"452","HOM88",0,"HOM88-0","",NA,NA,NA,NA
"453","HOM88",12,"HOM88-12","",NA,NA,NA,NA
"454","HOM88",8,"HOM88-8","",NA,NA,NA,NA
"455","HR77",0,"HR77-0","",NA,NA,NA,NA
"456","HR77",1,"HR77-1","Natural",NA,NA,NA,NA
"457","HR79",1,"HR79-1","Natural",NA,NA,NA,NA
"458","HSN99",0,"HSN99-0","NATURAL DEPOSITS",NA,NA,NA,NA
"459","HSU96",0,"HSU96-0","",NA,NA,NA,NA
"460","HSU96",1,"HSU96-1","",NA,NA,NA,NA
"461","HSU96",2,"HSU96-2","PREHISTORIC ACTIVITY",NA,43,NA,NA
"462","HUM90",0,"HUM90-0","",NA,NA,NA,NA
"463","HUM90",1,"HUM90-1","Natural",NA,NA,NA,NA
"464","HUM90",2,"HUM90-2","Pre-Roman activity to c. AD 50",NA,50,NA,NA
"465","HUM91",0,"HUM91-0","",NA,NA,NA,NA
"466","HUM91",1,"HUM91-1","Natural",NA,NA,NA,NA
"467","HW/BR74",1,"HW/BR74-1","Geology and natural topography",NA,NA,NA,NA
"468","HW/DD94",1,"HW/DD94-1","Geology and natural topography",NA,NA,NA,NA
"469","HW/DD94",8,"HW/DD94-8","",NA,NA,NA,NA
"470","HW/LT94",0,"HW/LT94-0","",NA,NA,NA,NA
"471","HW/LT94",1,"HW/LT94-1","Geology and natural topography",NA,NA,NA,NA
"472","HW/LT94",99,"HW/LT94-99","",NA,NA,NA,NA
"473","HW/OP91",1,"HW/OP91-1","Geology and natural topography",NA,NA,NA,NA
"474","HWR99",1,"HWR99-1","",NA,NA,NA,NA
"475","HWR99",3,"HWR99-3","",NA,NA,NA,NA
"476","HWR99",4,"HWR99-4","",NA,NA,NA,NA
"477","HWR99",5,"HWR99-5","",NA,NA,NA,NA
"478","HWR99",6,"HWR99-6","",NA,NA,NA,NA
"479","HWR99",7,"HWR99-7","",NA,NA,NA,NA
"480","HW/RW94",1,"HW/RW94-1","Geology and natural topography",NA,NA,NA,NA
"481","HW/RW94",2,"HW/RW94-2","Prehistoric to Saxon",NA,NA,NA,NA
"482","HW/SL83",0,"HW/SL83-0","",NA,NA,NA,NA
"483","HW/SL83",1,"HW/SL83-1","Geology and natural topography",NA,NA,NA,NA
"484","HW/SL83",99,"HW/SL83-99","",NA,NA,NA,NA
"485","JFN08",1,"JFN08-1","NATURAL AND PRE-ROMAN",NA,43,NA,NA
"486","JON89",1,"JON89-1","PERIOD X1, NATURAL GEOLOGICAL DEPOSITS",NA,NA,NA,NA
"487","JSS92",0,"JSS92-0","",NA,NA,NA,NA
"488","KEL00",1,"KEL00-1","",NA,NA,NA,NA
"489","KEL00",3,"KEL00-3","",NA,NA,NA,NA
"490","KEL00",4,"KEL00-4","",NA,NA,NA,NA
"491","KEL00",5,"KEL00-5","",NA,NA,NA,NA
"492","KEL00",6,"KEL00-6","",NA,NA,NA,NA
"493","KEL00",7,"KEL00-7","",NA,NA,NA,NA
"494","KEW98",0,"KEW98-0","NATURAL DEPOSITS",NA,NA,NA,NA
"495","KEW98",1,"KEW98-1","HOLOCENE PALAEOCHANNELS AND INC WESTERN STREAM",NA,NA,NA,NA
"496","KGT06",1,"KGT06-1","",NA,NA,NA,NA
"497","KGT06",2,"KGT06-2","",NA,NA,NA,NA
"498","KGT06",3,"KGT06-3","",NA,NA,NA,NA
"499","KGT06",4,"KGT06-4","",NA,NA,NA,NA
"500","KGT06",5,"KGT06-5","",NA,NA,NA,NA
"501","KGT06",7,"KGT06-7","",NA,NA,NA,NA
"502","KGT06",8,"KGT06-8","",NA,NA,NA,NA
"503","KGT06",9,"KGT06-9","",NA,NA,NA,NA
"504","KHS98",1,"KHS98-1","NATURAL",NA,NA,NA,NA
"505","KIG95",1,"KIG95-1","",NA,NA,NA,NA
"506","KIG95",2,"KIG95-2","",NA,NA,NA,NA
"507","KIG95",3,"KIG95-3","",NA,NA,NA,NA
"508","KIG95",4,"KIG95-4","",NA,NA,NA,NA
"509","KIG95",5,"KIG95-5","",NA,NA,NA,NA
"510","KIG95",6,"KIG95-6","",NA,NA,NA,NA
"511","KIG95",7,"KIG95-7","",NA,NA,NA,NA
"512","KIG95",8,"KIG95-8","",NA,NA,NA,NA
"513","KIN88",1,"KIN88-1","NATURAL",NA,NA,NA,NA
"514","KNG85",1,"KNG85-1","NATURAL",NA,NA,NA,NA
"515","KNG85",10,"KNG85-10","MODERN FEATURES",NA,NA,NA,NA
"516","KNG85",100,"KNG85-100","NATURAL TOPOGRAPHY = PERIOD 1 IN MOLA MONOGRAPHS 37-38",NA,NA,NA,NA
"517","KPH05",1,"KPH05-1","NATURAL",NA,NA,NA,NA
"518","KT-TSM10",0,"KT-TSM10-0","",NA,NA,NA,NA
"519","KT-TSM10",1,"KT-TSM10-1","",NA,NA,NA,NA
"520","KT-TSM10",11,"KT-TSM10-11","",NA,NA,NA,NA
"521","KT-TSM10",3,"KT-TSM10-3","",NA,NA,NA,NA
"522","KT-TSM10",5,"KT-TSM10-5","",NA,NA,NA,NA
"523","KT-TSM10",6,"KT-TSM10-6","",NA,NA,NA,NA
"524","KT-TSM10",7,"KT-TSM10-7","",NA,NA,NA,NA
"525","KT-TSM10",8,"KT-TSM10-8","",NA,NA,NA,NA
"526","KWH96",1,"KWH96-1","NATURAL (BRICKEARTH, GRAVEL AND POSSIBLE PALAEOCHANNEL)",NA,NA,NA,NA
"527","KWS94",0,"KWS94-0","",NA,NA,NA,NA
"528","L10779",0,"L10779-0","",NA,NA,NA,NA
"529","L58286",1,"L58286-1","",NA,NA,NA,NA
"530","L58286",2,"L58286-2","",NA,NA,NA,NA
"531","L58286",9,"L58286-9","",NA,NA,NA,NA
"532","LBA95",1,"LBA95-1","Natural",NA,NA,NA,NA
"533","LBA95",4,"LBA95-4","[? B1 and OA4]",NA,NA,NA,NA
"534","LBA95",5,"LBA95-5","[modern?]",NA,NA,NA,NA
"535","LBB95",1,"LBB95-1","Natural",NA,NA,NA,NA
"536","LBB95",2,"LBB95-2","[? OA2]",NA,NA,NA,NA
"537","LBB95",5,"LBB95-5","[? B1 and OA5]",NA,NA,NA,NA
"538","LBC95",1,"LBC95-1","Natural",NA,NA,NA,NA
"539","LBC95",3,"LBC95-3","[? Includes med. OA3, S2]",NA,NA,NA,NA
"540","LBC95",4,"LBC95-4","[? OA4]",NA,NA,NA,NA
"541","LBC95",5,"LBC95-5","[modern? B1]",NA,NA,NA,NA
"542","LBD95",1,"LBD95-1","Natural",NA,NA,NA,NA
"543","LBD95",3,"LBD95-3","[? OA3]",NA,NA,NA,NA
"544","LBE95",0,"LBE95-0","[? B2]",NA,NA,NA,NA
"545","LBE95",1,"LBE95-1","Natural",NA,NA,NA,NA
"546","LBE95",6,"LBE95-6","[? OA7, S3]",NA,NA,NA,NA
"547","LBE95",7,"LBE95-7","{? Modern]",NA,NA,NA,NA
"548","LBH94",1,"LBH94-1","Natural",NA,NA,NA,NA
"549","LBH94",3,"LBH94-3","[? OA3]",NA,NA,NA,NA
"550","LBH94",4,"LBH94-4","[? B1, B3, OA4]",NA,NA,NA,NA
"551","LBH94",5,"LBH94-5","[? B2, B4, OA5, OA6] ",NA,NA,NA,NA
"552","LBI95",0,"LBI95-0","[? OA12, includes lots of pits and graves]",NA,NA,NA,NA
"553","LBJ95",1,"LBJ95-1","Natural",NA,NA,NA,NA
"554","LBN08",1,"LBN08-1","NATURAL",NA,NA,NA,NA
"555","LBN08",2,"LBN08-2","PRE-ROMAN",NA,43,NA,NA
"556","LBN08",7,"LBN08-7","PRE-16TH CENTURY",NA,1500,NA,NA
"557","LD76",1,"LD76-1","Natural",NA,NA,NA,NA
"558","LDN01",1,"LDN01-1","NATURAL GEOLOGY AND TOPOGRAPHY",NA,NA,NA,NA
"559","LDN01",9,"LDN01-9","",NA,NA,NA,NA
"560","LER91",1,"LER91-1","Natural",NA,NA,NA,NA
"561","LGC00",1,"LGC00-1","GEOLOGICAL DEPOSITS AND FEATURE",NA,NA,NA,NA
"562","LHY88",0,"LHY88-0","",NA,NA,NA,NA
"563","LHY88",1,"LHY88-1","NATURAL SAND AND GRAVEL",NA,NA,NA,NA
"564","LHY88",100,"LHY88-100","NATURAL TOPOGRAPHY = PERIOD 1 IN MOLA MONOGRAPHS 37-38",NA,NA,NA,NA
"565","LLW03",1,"LLW03-1","NATURAL",NA,NA,NA,NA
"566","LMZ06",1,"LMZ06-1","",NA,NA,NA,NA
"567","LMZ06",3,"LMZ06-3","",NA,NA,NA,NA
"568","LOM88",0,"LOM88-0","",NA,NA,NA,NA
"569","LOM88",1,"LOM88-1","NATURAL SAND AND GRAVEL",NA,NA,NA,NA
"570","LOM88",100,"LOM88-100","NATURAL TOPOGRAPHY = PERIOD 1 IN MOLA MONOGRAPHS 37-38",NA,NA,NA,NA
"571","LSZ08",1,"LSZ08-1","",NA,NA,NA,NA
"572","LSZ08",2,"LSZ08-2","",NA,NA,NA,NA
"573","LSZ08",3,"LSZ08-3","",NA,NA,NA,NA
"574","LSZ08",4,"LSZ08-4","",NA,NA,NA,NA
"575","LSZ08",5,"LSZ08-5","",NA,NA,NA,NA
"576","LUB98",1,"LUB98-1","NATURAL GEOLOGY",NA,NA,NA,NA
"577","LUB98",3,"LUB98-3","QUARRY PITS",NA,NA,NA,NA
"578","LUB98",4,"LUB98-4","",NA,NA,NA,NA
"579","LVL97",0,"LVL97-0","Natural",NA,NA,NA,NA
"580","LWK92",1,"LWK92-1","",NA,NA,NA,NA
"581","LWK92",4,"LWK92-4","",NA,NA,NA,NA
"582","LWK92",6,"LWK92-6","",NA,NA,NA,NA
"583","LWK92",8,"LWK92-8","",NA,NA,NA,NA
"584","LYD88",0,"LYD88-0","TO BE SUPPLIED",NA,NA,NA,NA
"585","LYD88",1,"LYD88-1","NATURAL GEOLOGY AND TOPOGRAPHY AND RIVERINE DEPOSITS",NA,NA,NA,NA
"586","M4M84",0,"M4M84-0","",NA,NA,NA,NA
"587","M4M84",12,"M4M84-12","",NA,NA,NA,NA
"588","MAL92",0,"MAL92-0","",NA,NA,NA,NA
"589","MBH04",0,"MBH04-0","",NA,NA,NA,NA
"590","MCF06",1,"MCF06-1","",NA,NA,NA,NA
"591","MCF06",2,"MCF06-2","",NA,NA,NA,NA
"592","MCF06",3,"MCF06-3","",NA,NA,NA,NA
"593","MCF06",4,"MCF06-4","",NA,NA,NA,NA
"594","MCF06",5,"MCF06-5","",NA,NA,NA,NA
"595","MCF06",6,"MCF06-6","",NA,NA,NA,NA
"596","MCF06",8,"MCF06-8","",NA,NA,NA,NA
"597","MFB98",0,"MFB98-0","",NA,NA,NA,NA
"598","MFB98",10,"MFB98-10","[not in report]",NA,NA,NA,NA
"599","MFB98",5,"MFB98-5","[not in report]",NA,NA,NA,NA
"600","MFB98",6,"MFB98-6","[not in report]",NA,NA,NA,NA
"601","MFB98",7,"MFB98-7","[not in report]",NA,NA,NA,NA
"602","MFB98",8,"MFB98-8","[not in report]",NA,NA,NA,NA
"603","MFB98",9,"MFB98-9","[not in report]",NA,NA,NA,NA
"604","MFEB87",0,"MFEB87-0","",NA,NA,NA,NA
"605","MFEB87",12,"MFEB87-12","",NA,NA,NA,NA
"606","MFEB87",15,"MFEB87-15","",NA,NA,NA,NA
"607","MFEB87",16,"MFEB87-16","",NA,NA,NA,NA
"608","MFEB87",17,"MFEB87-17","",NA,NA,NA,NA
"609","MFEB87",4,"MFEB87-4","",NA,NA,NA,NA
"610","MFH87",0,"MFH87-0","",NA,NA,NA,NA
"611","MFH87",12,"MFH87-12","",NA,NA,NA,NA
"612","MFH87",2,"MFH87-2","",NA,NA,NA,NA
"613","MG82",0,"MG82-0","",NA,NA,NA,NA
"614","MG82",1,"MG82-1","",NA,NA,NA,NA
"615","MG82",6,"MG82-6","",NA,NA,NA,NA
"616","MGA00",0,"MGA00-0","",NA,NA,NA,NA
"617","MHH00",1,"MHH00-1","",NA,NA,NA,NA
"618","MHH00",2,"MHH00-2","",NA,NA,NA,NA
"619","MHH00",3,"MHH00-3","",NA,NA,NA,NA
"620","MHH00",4,"MHH00-4","",NA,NA,NA,NA
"621","MHO92",1,"MHO92-1","NATURAL GEOLOGY",NA,NA,NA,NA
"622","MHO92",100,"MHO92-100","NATURAL TOPOGRAPHY = PERIOD 1 IN MOLA MONOGRAPHS 37-38",NA,NA,NA,NA
"623","MLB92",1,"MLB92-1","NATURAL GEOLOGY AND TOPOGRAPHY",NA,NA,NA,NA
"624","MNU11",100,"MNU11-100","NATURAL GEOLOGY AND TOPOGRAPHY",NA,NA,NA,NA
"625","MOR87",0,"MOR87-0","",NA,NA,NA,NA
"626","MOR87",1,"MOR87-1","Topography and prehistoric activity",NA,43,NA,NA
"627","MOR88",0,"MOR88-0","",NA,NA,NA,NA
"628","MOR88",1,"MOR88-1","Topography and prehistoric activity",NA,43,NA,NA
"629","MPY86",0,"MPY86-0","",NA,NA,NA,NA
"630","MPY86",1,"MPY86-1","NATURL DEPOSITS ETC									",NA,NA,NA,NA
"631","MPY86",2,"MPY86-2","PRE PRIORY ACTIVITY IE UP TO C. 1117 AD - INCLUDES ALL EARLIER ACTIVITY = R1 & S1",NA,1117,NA,NA
"632","MRG95",1,"MRG95-1","NATURAL",NA,NA,NA,NA
"633","MSA92",1,"MSA92-1","",NA,NA,NA,NA
"634","MSA92",2,"MSA92-2","",NA,NA,NA,NA
"635","MSA92",3,"MSA92-3","",NA,NA,NA,NA
"636","MSA92",4,"MSA92-4","",NA,NA,NA,NA
"637","MSA92",5,"MSA92-5","",NA,NA,NA,NA
"638","MSR08",2,"MSR08-2","QUARRY PITS
TAQ: 1693",NA,NA,NA,NA
"639","MSR08",3,"MSR08-3","BURIAL GROUNDS AND DIVIDING WALL
1694 - C.1821
S4 AND S5 NOT DATABLE

",NA,NA,NA,NA
"640","MSR08",4,"MSR08-4","LATE WORKHOUSE BUILDINGS
C.1821 - C. 1925",NA,NA,NA,NA
"641","MTX11",0,"MTX11-0","",NA,NA,NA,NA
"642","MTX11",1,"MTX11-1","NATURAL TOPOGRAPHY: GRAVELS SEALED BY STERILE BRICKEARTH.",NA,NA,NA,NA
"643","NAN01",0,"NAN01-0","NATURAL BRICKEARTH",NA,NA,NA,NA
"644","NAN01",3,"NAN01-3","ORIGINAL BUILD OF ST MARTIN'S WORKHOUSE AS WELL AS LATER EXTENSION AND LARGE SEWER",NA,NA,NA,NA
"645","NAN01",4,"NAN01-4","NATIONAL GALLERY",NA,NA,NA,NA
"646","NCZ07",1,"NCZ07-1","",NA,NA,NA,NA
"647","NCZ07",10,"NCZ07-10","",NA,NA,NA,NA
"648","NCZ07",2,"NCZ07-2","",NA,NA,NA,NA
"649","NCZ07",3,"NCZ07-3","",NA,NA,NA,NA
"650","NCZ07",4,"NCZ07-4","",NA,NA,NA,NA
"651","NCZ07",5,"NCZ07-5","",NA,NA,NA,NA
"652","NCZ07",6,"NCZ07-6","",NA,NA,NA,NA
"653","NCZ07",7,"NCZ07-7","",NA,NA,NA,NA
"654","NCZ07",8,"NCZ07-8","",NA,NA,NA,NA
"655","NCZ07",9,"NCZ07-9","",NA,NA,NA,NA
"656","NEG98",1,"NEG98-1","NATURAL",NA,NA,NA,NA
"657","NEU09",0,"NEU09-0","",NA,NA,NA,NA
"658","NEU09",1,"NEU09-1","NATURAL GRAVELS",NA,NA,NA,NA
"659","NEV06",0,"NEV06-0","",NA,NA,NA,NA
"660","NEV06",1,"NEV06-1","",NA,NA,NA,NA
"661","NEV06",2,"NEV06-2","",NA,NA,NA,NA
"662","NEV06",3,"NEV06-3","",NA,NA,NA,NA
"663","NEV06",4,"NEV06-4","",NA,NA,NA,NA
"664","NEV06",5,"NEV06-5","",NA,NA,NA,NA
"665","NEV06",6,"NEV06-6","",NA,NA,NA,NA
"666","NEW81",0,"NEW81-0","",NA,NA,NA,NA
"667","NEW81",1,"NEW81-1","",NA,NA,NA,NA
"668","NEW81",3,"NEW81-3","",NA,NA,NA,NA
"669","NEW81",4,"NEW81-4","",NA,NA,NA,NA
"670","NEW81",5,"NEW81-5","",NA,NA,NA,NA
"671","NEW81",6,"NEW81-6","",NA,NA,NA,NA
"672","NEW81",7,"NEW81-7","",NA,NA,NA,NA
"673","NEW81",8,"NEW81-8","",NA,NA,NA,NA
"674","NEW87",0,"NEW87-0","",NA,NA,NA,NA
"675","NEW87",1,"NEW87-1","",NA,NA,NA,NA
"676","NEW87",2,"NEW87-2","",NA,NA,NA,NA
"677","NEW87",3,"NEW87-3","",NA,NA,NA,NA
"678","NEW87",4,"NEW87-4","",NA,NA,NA,NA
"679","NEW87",5,"NEW87-5","",NA,NA,NA,NA
"680","NEW87",7,"NEW87-7","",NA,NA,NA,NA
"681","NEW87",8,"NEW87-8","",NA,NA,NA,NA
"682","NGT00",1,"NGT00-1","Geology and topography of the study area to c AD 43",NA,43,NA,NA
"683","NGT00",10,"NGT00-10","[beyond end of list in Monograph 32]",NA,NA,NA,NA
"684","NGT00",11,"NGT00-11","[beyond end of list in Monograph 32]",NA,NA,NA,NA
"685","NGT00",12,"NGT00-12","[beyond end of list in Monograph 32]",NA,NA,NA,NA
"686","NGT00",13,"NGT00-13","[beyond end of list in Monograph 32]",NA,NA,NA,NA
"687","NGT00",9,"NGT00-9","[beyond end of list in Monograph 32]",NA,NA,NA,NA
"688","NGW00",1,"NGW00-1","PRE-16TH C (= TO PERIOD 1 OF BAK99) WATERLAIN",NA,1500,NA,NA
"689","NHG98",0,"NHG98-0","",NA,NA,NA,NA
"690","NHS97",0,"NHS97-0","",NA,NA,NA,NA
"691","NHS97",8,"NHS97-8","",NA,NA,NA,NA
"692","NOR88",0,"NOR88-0","",NA,NA,NA,NA
"693","NSS05",0,"NSS05-0","NATURAL SAND AND GRAVEL",NA,NA,NA,NA
"694","NSS05",1,"NSS05-1","POSSIBLE E-W PALAEO CHANNEL",NA,NA,NA,NA
"695","NST94",0,"NST94-0","Natural",NA,NA,NA,NA
"696","NST94",1,"NST94-1","Upto AD 43",NA,43,NA,NA
"697","NT-BCM98",1,"NT-BCM98-1","NATURAL DEPOSITION",NA,NA,NA,NA
"698","NT-DOD00",1,"NT-DOD00-1","NATURAL",NA,NA,NA,NA
"699","NT-DOD00",10,"NT-DOD00-10","UNSTRATIFIED, UNDATED FEATURES ON THE SITE",NA,NA,NA,NA
"700","OBL97",1,"OBL97-1","NATURAL DEPOSITS OA1",NA,NA,NA,NA
"701","OBL97",7,"OBL97-7","",NA,NA,NA,NA
"702","OBY95",1,"OBY95-1","NATURAL. PREVIOUSLY (FOR LA) P0",NA,NA,NA,NA
"703","OCU00",1,"OCU00-1","",NA,NA,NA,NA
"704","OCU00",2,"OCU00-2","",NA,NA,NA,NA
"705","OCU00",3,"OCU00-3","",NA,NA,NA,NA
"706","OCU00",4,"OCU00-4","",NA,NA,NA,NA
"707","OCU00",5,"OCU00-5","",NA,NA,NA,NA
"708","OCU00",6,"OCU00-6","",NA,NA,NA,NA
"709","OCU00",7,"OCU00-7","",NA,NA,NA,NA
"710","ODY03",1,"ODY03-1","",NA,NA,NA,NA
"711","ODY03",2,"ODY03-2","",NA,NA,NA,NA
"712","ODY03",3,"ODY03-3","",NA,NA,NA,NA
"713","ODY03",4,"ODY03-4","",NA,NA,NA,NA
"714","ODY03",5,"ODY03-5","",NA,NA,NA,NA
"715","ODY03",6,"ODY03-6","",NA,NA,NA,NA
"716","OJW98",0,"OJW98-0","",NA,NA,NA,NA
"717","OKG91",1,"OKG91-1","Natural",NA,NA,NA,NA
"718","OKO04",1,"OKO04-1","",NA,NA,NA,NA
"719","OKO04",2,"OKO04-2","",NA,NA,NA,NA
"720","OKO04",3,"OKO04-3","",NA,NA,NA,NA
"721","OKO04",4,"OKO04-4","",NA,NA,NA,NA
"722","OKO04",5,"OKO04-5","",NA,NA,NA,NA
"723","OKO04",6,"OKO04-6","",NA,NA,NA,NA
"724","OKR90",0,"OKR90-0","",NA,NA,NA,NA
"725","OKR90",1,"OKR90-1","Natural",NA,NA,NA,NA
"726","OKR90",2,"OKR90-2","Pre-Roman activity to c. AD 50",NA,50,NA,NA
"727","OMS94",1,"OMS94-1","Natural",NA,NA,NA,NA
"728","ONE94",0,"ONE94-0","VOID OR INTENTIONALLY NON-PERIODISED CONTEXTS",NA,NA,NA,NA
"729","ONE94",100,"ONE94-100","NATURAL TOPOGRAPHY = PERIOD 1 IN REPORT",NA,NA,NA,NA
"730","ONE94",38,"ONE94-38","EXTERNAL DUMPING & PITTING  PRE-DATING ESTABLISHMENT OF ST BENET SHEREHOG; CONTEMP WITH PDS 36 & 37",NA,NA,NA,NA
"731","ONE94",39,"ONE94-39","CONSTRUCTION AND PRIMARY PHASE OF USE OF ST BENET SHEREHOG; CONTEMP TIMBER BLDGS & ASSOC EXT. AREAS",NA,NA,NA,NA
"732","ONE94",603,"ONE94-603","OCCUPATION POST AD300 = PERIOD 6 PHASE 3 IN REPORT",300,NA,NA,NA
"733","OPY94",12,"OPY94-12","",NA,NA,NA,NA
"734","PCC92",1,"PCC92-1","",NA,NA,NA,NA
"735","PCC92",3,"PCC92-3","",NA,NA,NA,NA
"736","PCC92",5,"PCC92-5","",NA,NA,NA,NA
"737","PCC92",6,"PCC92-6","",NA,NA,NA,NA
"738","PLQ95",0,"PLQ95-0","",NA,NA,NA,NA
"739","PLS94",0,"PLS94-0","",NA,NA,NA,NA
"740","PNS01",1,"PNS01-1","Geology and topography of the study area to c AD 43",NA,43,NA,NA
"741","PNS01",10,"PNS01-10","[beyond end of list in Monograph 32]",NA,NA,NA,NA
"742","PNS01",13,"PNS01-13","[beyond end of list in Monograph 32]",NA,NA,NA,NA
"743","PNS01",9,"PNS01-9","[beyond end of list in Monograph 32]",NA,NA,NA,NA
"744","POE04",1,"POE04-1","THE UNDERLYING GEOLOGICAL STRATA CONSISTS OF GRAVELS OF THE FIRST RIVER TERRACE AND SAND DEPOSITS.",NA,NA,NA,NA
"745","POE04",2,"POE04-2","CLAYEY SAND DRY LAND HORIZON. EROSIONAL CHANNELS. PONDING. SEASONAL OVERBANK FLOODING.",NA,NA,NA,NA
"746","POE04",5,"POE04-5","",NA,NA,NA,NA
"747","POU05",1,"POU05-1","NATURAL AND TOPOGRAPHY",NA,NA,NA,NA
"748","PR441",1,"PR441-1","",NA,NA,NA,NA
"749","PRR98",0,"PRR98-0","NATURAL (AND UNASSIGNED/MODERN AT CONTEXT LEVEL)",NA,NA,NA,NA
"750","PSE02",0,"PSE02-0","",NA,NA,NA,NA
"751","PSE02",6,"PSE02-6","",NA,NA,NA,NA
"752","PSO90",0,"PSO90-0","",NA,NA,NA,NA
"753","PSQ94",0,"PSQ94-0","",NA,NA,NA,NA
"754","PSU99",1,"PSU99-1","Geology and topography of the study area to c AD 43",NA,43,NA,NA
"755","PSU99",10,"PSU99-10","[beyond end of list in Monograph 32]",NA,NA,NA,NA
"756","PSU99",12,"PSU99-12","[beyond end of list in Monograph 32]",NA,NA,NA,NA
"757","PSU99",9,"PSU99-9","[beyond end of list in Monograph 32]",NA,NA,NA,NA
"758","PSW93",0,"PSW93-0","",NA,NA,NA,NA
"759","PWC92",0,"PWC92-0","",NA,NA,NA,NA
"760","PWC92",12,"PWC92-12","",NA,NA,NA,NA
"761","PWT00",1,"PWT00-1","",NA,NA,NA,NA
"762","PWT00",2,"PWT00-2","",NA,NA,NA,NA
"763","PWT00",3,"PWT00-3","",NA,NA,NA,NA
"764","QESS88",2,"QESS88-2","Pre-Roman activity to c. AD 50",NA,50,NA,NA
"765","QUS00",0,"QUS00-0","",NA,NA,NA,NA
"766","QUS00",1,"QUS00-1","",NA,NA,NA,NA
"767","QUS00",3,"QUS00-3","",NA,NA,NA,NA
"768","R-126",0,"R-126-0","",NA,NA,NA,NA
"769","REW92",1,"REW92-1","[? S, OA1]",NA,NA,NA,NA
"770","RIV87",1,"RIV87-1","",NA,NA,NA,NA
"771","RIV87",2,"RIV87-2","",NA,NA,NA,NA
"772","RIV87",3,"RIV87-3","",NA,NA,NA,NA
"773","RIV87",4,"RIV87-4","",NA,NA,NA,NA
"774","RLH11",1,"RLH11-1","NATURAL AND TOPOGRAPHY",NA,NA,NA,NA
"775","RLP05",1,"RLP05-1","NATURAL GEOLOGY AND TOPOGRAPHY",NA,NA,NA,NA
"776","RLP05",6,"RLP05-6","UNDATED",NA,NA,NA,NA
"777","R-MHF77",0,"R-MHF77-0","",NA,NA,NA,NA
"778","ROB05",1,"ROB05-1","NATURAL",NA,NA,NA,NA
"779","ROI07",2,"ROI07-2","",NA,NA,NA,NA
"780","ROP95",0,"ROP95-0","",NA,NA,NA,NA
"781","ROY91",0,"ROY91-0","",NA,NA,NA,NA
"782","ROY91",1,"ROY91-1","Natural",NA,NA,NA,NA
"783","RUP88",0,"RUP88-0","",NA,NA,NA,NA
"784","RUP88",2,"RUP88-2","Pre-Roman activity to c. AD 50",NA,50,NA,NA
"785","RWG94",1,"RWG94-1","Natural",NA,NA,NA,NA
"786","RWG94",2,"RWG94-2","[? B1]",NA,NA,NA,NA
"787","RWT93",0,"RWT93-0","NOT USED",NA,NA,NA,NA
"788","RWT93",6,"RWT93-6","'dark earth', ceramic dates 270-400",270,NA,NA,NA
"789","RWT93",7,"RWT93-7","[? ""OA?""]",NA,NA,NA,NA
"790","SAJ98",1,"SAJ98-1","EARLY ACTIVITY (PRE C 1150)",NA,1150,NA,NA
"791","SAN95",5,"SAN95-5","",NA,NA,NA,NA
"792","SAN95",7,"SAN95-7","",NA,NA,NA,NA
"793","SAN95",8,"SAN95-8","",NA,NA,NA,NA
"794","SAT00",1,"SAT00-1","NATURAL",NA,NA,NA,NA
"795","SAT00",3,"SAT00-3","MEDIEVAL GRAVEYARD OUTSIDE THE PRE-FIRE CATHEDRAL",NA,NA,NA,NA
"796","SAT00",4,"SAT00-4","PRE-FIRE MASONRY, POSSIBLY CATHEDRAL FOUNDATION",NA,1666,NA,NA
"797","SAT00",5,"SAT00-5","WREN CONSTRUCTION PERIOD",NA,NA,NA,NA
"798","SAT00",6,"SAT00-6","POST WREN PERIOD BURIALS AND FLOORS",NA,NA,NA,NA
"799","SB76",1,"SB76-1","Natural",NA,NA,NA,NA
"800","SB76",2,"SB76-2","Pre-Roman activity to c. AD 50",NA,50,NA,NA
"801","SBH88",1,"SBH88-1","NATURAL DEPOSITION",NA,NA,NA,NA
"802","SBH88",5,"SBH88-5","",NA,NA,NA,NA
"803","SCC77",1,"SCC77-1","Natural",NA,NA,NA,NA
"804","SCT87",0,"SCT87-0","",NA,NA,NA,NA
"805","SCT87",1,"SCT87-1","",NA,NA,NA,NA
"806","SCT87",2,"SCT87-2","",NA,NA,NA,NA
"807","SCT87",3,"SCT87-3","",NA,NA,NA,NA
"808","SCT87",4,"SCT87-4","",NA,NA,NA,NA
"809","SCT87",5,"SCT87-5","",NA,NA,NA,NA
"810","SCT87",6,"SCT87-6","",NA,NA,NA,NA
"811","SCT87",7,"SCT87-7","",NA,NA,NA,NA
"812","SCT87",8,"SCT87-8","",NA,NA,NA,NA
"813","SDX07",1,"SDX07-1","Geology and natural topography",NA,NA,NA,NA
"814","SFH00",1,"SFH00-1","",NA,NA,NA,NA
"815","SFH00",2,"SFH00-2","",NA,NA,NA,NA
"816","SFH00",3,"SFH00-3","",NA,NA,NA,NA
"817","SFH00",4,"SFH00-4","",NA,NA,NA,NA
"818","SFH00",5,"SFH00-5","",NA,NA,NA,NA
"819","SFH00",6,"SFH00-6","",NA,NA,NA,NA
"820","SFH00",7,"SFH00-7","",NA,NA,NA,NA
"821","SFY07",1,"SFY07-1","PRE-MEDIEVAL TOPOGRAPHY",NA,1066,NA,NA
"822","SGA89",0,"SGA89-0","",NA,NA,NA,NA
"823","SGY05",0,"SGY05-0","",NA,NA,NA,NA
"824","SGY05",1,"SGY05-1","PLEISTOCENE TERRACE GRAVELS",NA,NA,NA,NA
"825","SGY05",2,"SGY05-2","HOLOCENE  PREHIST WETLAND/FLUVIAL DEPOSITS",NA,NA,NA,NA
"826","SIC06",0,"SIC06-0","",NA,NA,NA,NA
"827","SIC06",1,"SIC06-1","NATURAL GRAVELS WITH OCCASIONAL BRICKEARTH REMNANTS, ALSO OCCASIONAL SOIL HORIZONS",NA,NA,NA,NA
"828","SJS86",1,"SJS86-1","PERIOD X1, NATURAL GEOLOGICAL DEPOSITS",NA,NA,NA,NA
"829","SKS88",0,"SKS88-0","",NA,NA,NA,NA
"830","SKS88",1,"SKS88-1","Natural",NA,NA,NA,NA
"831","SLY00",0,"SLY00-0","",NA,NA,NA,NA
"832","SLY00",1,"SLY00-1","Geology and topography of the study area to c AD 43",NA,43,NA,NA
"833","SLY00",10,"SLY00-10","[beyond end of list in Monograph 32]",NA,NA,NA,NA
"834","SLY00",11,"SLY00-11","[beyond end of list in Monograph 32]",NA,NA,NA,NA
"835","SLY00",12,"SLY00-12","[beyond end of list in Monograph 32]",NA,NA,NA,NA
"836","SLY00",9,"SLY00-9","[beyond end of list in Monograph 32]",NA,NA,NA,NA
"837","SMD01",0,"SMD01-0","NATURAL STRATA",NA,NA,NA,NA
"838","SMD01",1,"SMD01-1","NATURAL OR EARLY UNDATABLE FEATURES",NA,NA,NA,NA
"839","SMD01",9,"SMD01-9","",NA,NA,NA,NA
"840","SNQ99",1,"SNQ99-1","EARLY ACTIVITY PRE C 1150",NA,1150,NA,NA
"841","SNS87",0,"SNS87-0","",NA,NA,NA,NA
"842","SNS87",1,"SNS87-1","",NA,NA,NA,NA
"843","SNS87",2,"SNS87-2","",NA,NA,NA,NA
"844","SNS87",3,"SNS87-3","",NA,NA,NA,NA
"845","SNS87",4,"SNS87-4","",NA,NA,NA,NA
"846","SNS87",5,"SNS87-5","",NA,NA,NA,NA
"847","SNS87",6,"SNS87-6","",NA,NA,NA,NA
"848","SNS87",7,"SNS87-7","",NA,NA,NA,NA
"849","SNS87",8,"SNS87-8","",NA,NA,NA,NA
"850","SOH84",0,"SOH84-0","",NA,NA,NA,NA
"851","SOH84",1,"SOH84-1","Natural",NA,NA,NA,NA
"852","SOH84",2,"SOH84-2","Pre-Roman activity to c. AD 50",NA,50,NA,NA
"853","SOM88",1,"SOM88-1","NATURAL SUBSOIL 'BRICKEARTH AND GRAVEL AT 9.98M OD (TP14)",NA,NA,NA,NA
"854","SON85",0,"SON85-0","MULTI-PERIOD OR PERIOD UNKNOWN",NA,NA,NA,NA
"855","SON85",1,"SON85-1","NATURAL GEOLOGY",NA,NA,NA,NA
"856","SON85",100,"SON85-100","NATURAL TOPOGRAPHY = PERIOD 1 IN MOLA MONOGRAPHS 37-38",NA,NA,NA,NA
"857","SPC94",0,"SPC94-0","",NA,NA,NA,NA
"858","SPD85",0,"SPD85-0","",NA,NA,NA,NA
"859","SPD85",13,"SPD85-13","",NA,NA,NA,NA
"860","SPD85",14,"SPD85-14","",NA,NA,NA,NA
"861","SPD85",4,"SPD85-4","",NA,NA,NA,NA
"862","SPT82",0,"SPT82-0","",NA,NA,NA,NA
"863","SPT85",0,"SPT85-0","",NA,NA,NA,NA
"864","SQU94",0,"SQU94-0","",NA,NA,NA,NA
"865","SRP98",0,"SRP98-0","",NA,NA,NA,NA
"866","SSA01",0,"SSA01-0","",NA,NA,NA,NA
"867","SSA01",10,"SSA01-10","",NA,NA,NA,NA
"868","SSA01",11,"SSA01-11","",NA,NA,NA,NA
"869","SSA01",4,"SSA01-4","",NA,NA,NA,NA
"870","SSA01",6,"SSA01-6","",NA,NA,NA,NA
"871","SSA01",7,"SSA01-7","",NA,NA,NA,NA
"872","SSE94",0,"SSE94-0","",NA,NA,NA,NA
"873","SSF97",1,"SSF97-1","UNDATED ACTIVITY
			",NA,NA,NA,NA
"874","SSF97",2,"SSF97-2","POSSIBLE PREHISTORIC ACTIVITY",NA,NA,NA,NA
"875","STE95",0,"STE95-0","",NA,NA,NA,NA
"876","STE95",2,"STE95-2","",NA,NA,NA,NA
"877","STS88",0,"STS88-0","",NA,NA,NA,NA
"878","STS88",1,"STS88-1","NATURAL GRAVELS",NA,NA,NA,NA
"879","STU92",0,"STU92-0","",NA,NA,NA,NA
"880","SVA10",7,"SVA10-7","",NA,NA,NA,NA
"881","SWI97",0,"SWI97-0","",NA,NA,NA,NA
"882","SYM88",0,"SYM88-0","",NA,NA,NA,NA
"883","SYM88",1,"SYM88-1","Topography and prehistoric activity",NA,43,NA,NA
"884","SYV04",1,"SYV04-1","NATURAL LANDSCAPE AND PREHISTORIC ACTIVITY",NA,43,NA,NA
"885","SYV04",10,"SYV04-10","UNDATED FEATURES",NA,NA,NA,NA
"886","SYV04",304,"SYV04-304","",NA,NA,NA,NA
"887","TEA98",1,"TEA98-1","NATURAL SANDS, GRAVEL (10.10-10.54) & BRICKEARTH (11.13 - 12.09) & ICEWEDGE!",NA,NA,NA,NA
"888","TEQ10",1,"TEQ10-1","PERIOD 1 NATURAL. LONDON CLAY AND 'CLEAN' FORESHORE SANDS AND GRAVEL",NA,NA,NA,NA
"889","TEQ10",2,"TEQ10-2","PERIOD 2 EARLY HISTORIC FORESHORE",NA,NA,NA,NA
"890","TEST",0,"TEST-0","",NA,NA,NA,NA
"891","TOB95",1,"TOB95-1","Natural",NA,NA,NA,NA
"892","TOB95",2,"TOB95-2","Pre-Roman activity to c. AD 50",NA,50,NA,NA
"893","TOM95",0,"TOM95-0","[? OA4-9, S1, S4]",NA,NA,NA,NA
"894","TRE91",3,"TRE91-3","",NA,NA,NA,NA
"895","TRH08",0,"TRH08-0","UNDATABLE - NO DATING EVIDENCE AND/OR STRAT REFERENCE",NA,NA,NA,NA
"896","TRH08",1,"TRH08-1","NATURAL",NA,NA,NA,NA
"897","TRH08",8,"TRH08-8","REDUNDANT, ORIGNALLY DISUSE OF PERIOD 7",NA,NA,NA,NA
"898","TSQ88",1,"TSQ88-1","NATURAL",NA,NA,NA,NA
"899","TWE98",1,"TWE98-1","",NA,NA,NA,NA
"900","TWE98",2,"TWE98-2","",NA,NA,NA,NA
"901","TWE98",3,"TWE98-3","",NA,NA,NA,NA
"902","TWE98",4,"TWE98-4","",NA,NA,NA,NA
"903","TWE98",5,"TWE98-5","",NA,NA,NA,NA
"904","TWE98",6,"TWE98-6","",NA,NA,NA,NA
"905","TWE98",7,"TWE98-7","",NA,NA,NA,NA
"906","TYT98",1,"TYT98-1","PREHISTORIC",NA,43,NA,NA
"907","UNE03",1,"UNE03-1","NATURAL SAND",NA,NA,NA,NA
"908","UNE03",2,"UNE03-2","PREHISTORIC / LATE IRON AGE PIT, REWORKED SAND NATURAL & ARD MARKS",NA,NA,NA,NA
"909","UNE03",3,"UNE03-3","EARLY POST/STAKE HOLE & BEAM SLOT STRUCTURES /  ANIMAL ENCLOSURES?",NA,NA,NA,NA
"910","UP-GS83",0,"UP-GS83-0","",NA,NA,NA,NA
"911","UP-HH89",0,"UP-HH89-0","",NA,NA,NA,NA
"912","UP-HH89",1,"UP-HH89-1","NATURAL GEOLOGY AND TOPOGRAPHY",NA,NA,NA,NA
"913","UP-HH89",8,"UP-HH89-8","",NA,NA,NA,NA
"914","UP-HH89C",0,"UP-HH89C-0","",NA,NA,NA,NA
"915","UP-MF83",1,"UP-MF83-1","GEOLOGY AND TOPOGRAPHY",NA,NA,NA,NA
"916","UP-WW82",1,"UP-WW82-1","PLEISTOCENE GEOLOGY",NA,NA,NA,NA
"917","USG94",1,"USG94-1","Natural?",NA,NA,NA,NA
"918","USM06",1,"USM06-1","NATURAL, PREHISTORIC AND ROMAN",NA,410,NA,NA
"919","VBN89",0,"VBN89-0","",NA,NA,NA,NA
"920","VBN89",1,"VBN89-1","Pre-glasshouse activity on the site, before c. 1650",NA,1650,NA,NA
"921","VBN89",4,"VBN89-4","[beyond list in Monograph 28]",NA,NA,NA,NA
"922","VBN89",5,"VBN89-5","[beyond list in Monograph 28]",NA,NA,NA,NA
"923","VBN89",6,"VBN89-6","[beyond list in Monograph 28]",NA,NA,NA,NA
"924","VBN89",7,"VBN89-7","[beyond list in Monograph 28]",NA,NA,NA,NA
"925","VBN89",8,"VBN89-8","[beyond list in Monograph 28]",NA,NA,NA,NA
"926","VIN88",0,"VIN88-0","",NA,NA,NA,NA
"927","VIN88",1,"VIN88-1","Topography and prehistoric activity",NA,43,NA,NA
"928","WAO06",1,"WAO06-1","NATURAL BRICKEARTH AND GRAVEL",NA,NA,NA,NA
"929","WBR88",0,"WBR88-0","",NA,NA,NA,NA
"930","WCE01",1,"WCE01-1","NATURAL GEOLOGY		",NA,NA,NA,NA
"931","WEH95",0,"WEH95-0","",NA,NA,NA,NA
"932","WEH95",12,"WEH95-12","",NA,NA,NA,NA
"933","WET89",1,"WET89-1","Natural",NA,NA,NA,NA
"934","WET89",2,"WET89-2","Pre-Roman activity to c. AD 50",NA,50,NA,NA
"935","WFG54",1,"WFG54-1","",NA,NA,NA,NA
"936","WFG54",2,"WFG54-2","",NA,NA,NA,NA
"937","WFG54",3,"WFG54-3","",NA,NA,NA,NA
"938","WFG54",4,"WFG54-4","",NA,NA,NA,NA
"939","WFG54",6,"WFG54-6","",NA,NA,NA,NA
"940","WFG54",8,"WFG54-8","",NA,NA,NA,NA
"941","WG87",0,"WG87-0","",NA,NA,NA,NA
"942","WG87",1,"WG87-1","Natural",NA,NA,NA,NA
"943","WG87",2,"WG87-2","Pre-Roman activity to c. AD 50",NA,50,NA,NA
"944","WGF79",0,"WGF79-0","",NA,NA,NA,NA
"945","WGF79",1,"WGF79-1","",NA,NA,NA,NA
"946","WGF79",12,"WGF79-12","",NA,NA,NA,NA
"947","WGF79",15,"WGF79-15","",NA,NA,NA,NA
"948","WGF79",16,"WGF79-16","",NA,NA,NA,NA
"949","WGF79",17,"WGF79-17","",NA,NA,NA,NA
"950","WGF79",4,"WGF79-4","",NA,NA,NA,NA
"951","WGF79",8,"WGF79-8","",NA,NA,NA,NA
"952","WHU08",1,"WHU08-1","NATURAL GRAVELS",NA,NA,NA,NA
"953","WHU08",2,"WHU08-2","NATURAL ALLUVIUM TO AD 50",NA,50,NA,NA
"954","WHZ06",1,"WHZ06-1","",NA,NA,NA,NA
"955","WHZ06",2,"WHZ06-2","",NA,NA,NA,NA
"956","WHZ06",3,"WHZ06-3","",NA,NA,NA,NA
"957","WHZ06",4,"WHZ06-4","",NA,NA,NA,NA
"958","WHZ06",5,"WHZ06-5","",NA,NA,NA,NA
"959","WHZ06",6,"WHZ06-6","",NA,NA,NA,NA
"960","WHZ06",7,"WHZ06-7","",NA,NA,NA,NA
"961","WHZ06",8,"WHZ06-8","",NA,NA,NA,NA
"962","WIO01",1,"WIO01-1","",NA,NA,NA,NA
"963","WIO01",5,"WIO01-5","",NA,NA,NA,NA
"964","WIO01",7,"WIO01-7","",NA,NA,NA,NA
"965","WLR97",1,"WLR97-1","",NA,NA,NA,NA
"966","WLR97",4,"WLR97-4","",NA,NA,NA,NA
"967","WLR97",5,"WLR97-5","",NA,NA,NA,NA
"968","WLR97",7,"WLR97-7","",NA,NA,NA,NA
"969","WME06",1,"WME06-1","PRE-MEDIEVAL LANDSCAPE",NA,1066,NA,NA
"970","WOO97",0,"WOO97-0","NATURAL BRICKEARTH AND SANDS & GRAVELS",NA,NA,NA,NA
"971","WOO97",1,"WOO97-1","Upto AD 43",NA,43,NA,NA
"972","WPO08",1,"WPO08-1","ALLUVIAL SEQUENCE, PREHISTORIC TO EARLY POST-MEDIEVAL",NA,NA,NA,NA
"973","WRX08",0,"WRX08-0","",NA,NA,NA,NA
"974","WSD89",1,"WSD89-1","",NA,NA,NA,NA
"975","WSD89",2,"WSD89-2","",NA,NA,NA,NA
"976","WSD89",9,"WSD89-9","",NA,NA,NA,NA
"977","WSI97",0,"WSI97-0","",NA,NA,NA,NA
"978","WSI97",1,"WSI97-1","NATURAL",NA,NA,NA,NA
"979","WSS94",0,"WSS94-0","",NA,NA,NA,NA
"980","WT-SMA05",1,"WT-SMA05-1","",NA,NA,NA,NA
"981","WT-SMA05",2,"WT-SMA05-2","",NA,NA,NA,NA
"982","WT-SMA05",3,"WT-SMA05-3","",NA,NA,NA,NA
"983","WT-SMA05",4,"WT-SMA05-4","",NA,NA,NA,NA
"984","WT-SMA05",5,"WT-SMA05-5","",NA,NA,NA,NA
"985","WT-SMA05",6,"WT-SMA05-6","",NA,NA,NA,NA
"986","WUS92",0,"WUS92-0","",NA,NA,NA,NA
"987","WUS92",12,"WUS92-12","",NA,NA,NA,NA
"988","XRW10",100,"XRW10-100","LONDON CLAY AND PRE IRONWORKS ALLUVIAL/ CHANNEL DEPOSITS",NA,NA,NA,NA
"989","XRW10",101,"XRW10-101","PRE-IRONWORKS STRUCTURE AT THE TOP OF THE ALLUVIAL SEQUENCE",NA,NA,NA,NA
"990","XRW10",201,"XRW10-201","LEVELLING DEPOSITS FOR THE IRONWORKS",NA,NA,NA,NA
"991","XRW10",202,"XRW10-202","IRONWORKS STRUCTURE PRE 1900",NA,1900,NA,NA
"992","XRW10",203,"XRW10-203","IRONWORKS STRUCTURE ONLY INDICATED ON MAPS POST 1900/ INCLUDING LATER IRONWORKS ASSOCIATED DEPOSITS DATING FROM PRE1900 BUT CONTINUING TO BE DEPOSITED POST 1900",NA,NA,NA,NA
"993","XTE12",1,"XTE12-1","NATURAL TOPOGRAPHY = PERIOD 1 IN REPORT",NA,NA,NA,NA
"994","XTE12",201,"XTE12-201","MEDIEVAL CEMETERY PHASE 1",NA,NA,NA,NA
"995","XTE12",202,"XTE12-202","MEDIEVAL CEMETERY PHASE 2",NA,NA,NA,NA
"996","XTE12",203,"XTE12-203","MEDIEVAL CEMETERY PHASE 3",NA,NA,NA,NA
